Date;Bid;Ask;Opening price;High price;Low price;Closing price;Average price;Total volume;Turnover;Trades;
2014-01-17;203,80;204,00;202,50;204,30;201,30;203,80;203,42;380467;77388829;1984;
2014-01-16;202,10;202,50;200,60;202,50;199,80;202,50;201,34;647636;130387954;3293;
2014-01-15;200,60;200,70;205,50;205,50;199,00;200,60;201,83;3001722;606315031;7914;
2014-01-14;210,80;211,00;211,10;212,60;209,50;210,80;210,75;242150;51034465;1562;
2014-01-13;212,50;212,90;214,20;214,70;211,30;212,50;212,57;284059;60381616;1877;
2014-01-10;212,80;213,60;208,60;213,60;207,80;213,60;210,79;417211;87934972;2301;
2014-01-09;207,80;208,20;205,00;208,60;205,00;207,80;206,95;361095;74728714;1881;
2014-01-08;205,80;206,00;207,60;208,00;205,20;206,00;205,97;393568;81071871;1833;
2014-01-07;207,40;207,50;213,30;213,30;207,30;207,50;209,11;474029;99127264;2792;
2014-01-06;213,60;213,80;215,50;216,20;213,60;213,60;214,66;291145;62498379;1479;
2014-01-03;216,50;216,80;216,90;217,00;215,00;216,50;216,45;180938;39164324;2584;
2014-01-02;216,00;216,10;216,10;217,00;214,80;216,10;215,85;176175;38029364;2452;
2013-12-30;215,40;215,50;216,50;216,50;214,50;215,40;215,42;121639;26203614;1020;
2013-12-27;215,70;215,80;213,70;215,80;213,00;215,70;214,66;155816;33443564;904;
2013-12-23;212,00;212,30;208,70;212,40;208,00;212,30;211,00;171229;36130797;1060;
2013-12-20;208,90;209,10;205,80;209,20;205,30;209,10;208,12;184670;38431466;980;
2013-12-19;206,30;206,80;206,00;207,40;204,80;206,30;206,25;164900;34010212;986;
2013-12-18;204,20;204,50;206,00;206,00;203,60;204,20;204,76;184136;37701479;1087;
2013-12-17;205,00;205,10;205,90;205,90;203,80;205,00;204,71;136749;27987893;889;
2013-12-16;206,00;206,10;201,80;206,70;201,10;206,00;204,73;246388;50420327;1469;
2013-12-13;201,90;202,40;200,50;202,50;200,50;201,90;201,76;96732;19512889;742;
2013-12-12;201,40;201,50;202,00;202,00;200,50;201,40;201,10;141317;28427916;774;
2013-12-11;202,00;202,30;203,30;203,30;201,50;202,30;202,48;135491;27437088;721;
2013-12-10;203,00;203,40;201,00;203,40;201,00;203,40;202,57;225096;45593183;1413;
2013-12-09;201,70;201,80;201,00;202,40;200,90;201,70;201,71;166648;33614851;1437;
2013-12-06;201,00;201,10;202,00;203,00;200,50;201,00;201,09;124751;25085918;888;
2013-12-05;202,90;203,20;201,10;203,30;200,00;203,20;202,26;153658;31076349;998;
2013-12-04;201,50;201,60;201,00;201,90;200,10;201,50;201,34;293342;59062085;1675;
2013-12-03;201,00;201,10;203,00;203,50;200,50;201,00;201,59;158953;32044078;1180;
2013-12-02;202,30;202,40;201,30;203,00;200,70;202,30;202,12;141618;28622912;764;
2013-11-29;200,80;201,30;200,00;201,50;199,50;201,30;200,84;139759;28069825;816;
2013-11-28;199,50;199,70;199,80;200,40;199,00;199,60;199,62;189396;37807795;1268;
2013-11-27;199,10;199,20;202,20;202,20;198,20;199,20;199,16;335578;66864064;1440;
2013-11-26;204,00;204,50;203,60;204,80;203,00;204,00;204,07;179750;36681980;817;
2013-11-25;203,50;203,90;204,50;204,50;203,10;203,50;203,68;141105;28740628;847;
2013-11-22;203,10;203,20;202,10;203,30;202,10;203,10;202,97;191840;38937452;974;
2013-11-21;202,60;203,20;203,00;203,20;201,50;203,20;202,40;174596;35339073;924;
2013-11-20;202,80;203,00;203,30;203,60;202,10;203,00;202,90;124389;25239201;889;
2013-11-19;203,30;203,50;203,00;204,20;202,10;203,30;203,24;257178;52270307;1295;
2013-11-18;203,70;203,80;203,00;204,40;202,30;203,80;203,41;444682;90452931;2065;
2013-11-15;202,80;203,00;200,20;203,00;199,90;203,00;201,76;233849;47178634;1056;
2013-11-14;200,40;200,50;200,20;200,50;198,80;200,50;199,75;166153;33188447;773;
2013-11-13;199,60;199,70;200,80;200,80;198,50;199,70;199,46;192963;38488396;1437;
2013-11-12;200,20;200,40;202,40;202,40;200,00;200,20;200,66;178447;35808105;1140;
2013-11-11;201,80;201,90;200,30;202,40;200,30;201,90;201,48;163278;32908190;804;
2013-11-08;201,30;201,40;200,60;201,60;199,90;201,30;200,85;213093;42792610;947;
2013-11-07;200,70;201,00;201,00;201,50;200,50;200,90;200,92;218814;43963451;1205;
2013-11-06;201,30;201,40;200,10;202,00;199,80;201,40;200,90;333455;66996931;1456;
2013-11-05;200,30;200,40;201,90;202,00;200,00;200,30;200,39;307314;61589171;1358;
2013-11-04;201,80;202,10;202,70;203,70;201,50;201,80;202,04;287391;58063461;1509;
2013-11-01;202,80;202,90;203,80;203,80;200,90;202,90;202,47;254487;51526107;1250;
2013-10-31;203,50;203,90;205,80;205,90;203,50;203,50;204,12;312007;63688121;1368;
2013-10-30;205,60;205,80;205,80;206,20;205,20;205,70;205,71;232411;47810117;1199;
2013-10-29;205,60;205,80;204,80;206,10;204,30;205,60;205,07;389045;79787935;1761;
2013-10-28;204,60;204,70;204,60;205,00;203,10;204,70;204,37;276704;56545500;1954;
2013-10-25;203,00;203,50;206,00;206,00;201,80;203,00;202,75;560694;113686087;2457;
2013-10-24;206,90;207,30;207,50;208,00;202,30;207,30;204,15;1176893;240396359;3379;
2013-10-23;205,70;205,80;200,50;210,00;200,00;205,70;204,33;1067940;217923224;4838;
2013-10-22;197,30;197,50;193,50;197,80;193,50;197,50;196,34;518116;101718414;2226;
2013-10-21;193,40;193,50;191,00;193,50;191,00;193,50;192,63;293426;56523640;1629;
2013-10-18;190,10;190,20;190,10;192,00;189,80;190,10;190,87;142136;27129279;928;
2013-10-17;190,00;190,20;191,30;191,30;189,70;190,00;190,16;124489;23673222;1034;
2013-10-16;191,00;191,10;189,50;191,10;188,00;191,10;189,36;442449;83781787;1606;
2013-10-15;190,70;191,00;191,00;192,20;190,30;190,70;191,13;142156;27170218;1050;
2013-10-14;190,60;191,00;190,50;192,30;190,20;190,60;191,25;387091;74030062;852;
2013-10-11;190,90;191,00;190,00;192,50;190,00;191,00;191,42;207407;39701675;1280;
2013-10-10;189,90;190,00;190,00;190,80;189,50;189,90;190,15;301155;57264197;1804;
2013-10-09;189,90;190,40;194,00;194,50;189,90;189,90;191,65;293962;56339669;1675;
2013-10-08;194,50;194,70;196,90;196,90;194,00;194,60;195,34;242119;47296538;1265;
2013-10-07;193,90;194,00;194,40;196,20;194,00;194,00;194,62;310983;60526560;1070;
2013-10-04;194,30;194,40;194,80;195,10;194,10;194,40;194,45;309546;60194347;1551;
2013-10-03;195,20;195,40;195,00;196,00;194,30;195,40;195,02;151526;29549813;715;
2013-10-02;194,80;195,00;195,70;195,90;194,80;194,80;195,20;284232;55483649;1435;
2013-10-01;196,20;196,40;194,40;196,60;194,20;196,40;195,13;225769;44053320;1271;
2013-09-30;195,00;195,20;194,50;195,30;193,70;195,20;194,68;172486;33576643;848;
2013-09-27;195,40;195,60;196,50;196,50;194,80;195,40;195,47;188567;36858569;1037;
2013-09-26;195,70;195,90;195,70;196,30;195,00;195,90;195,58;128837;25199142;1008;
2013-09-25;195,60;195,90;195,60;197,20;195,40;195,90;195,68;302233;59156731;1103;
2013-09-24;195,90;196,10;197,40;197,50;195,40;195,90;196,77;556567;109512018;1614;
2013-09-23;197,40;197,60;198,60;198,60;196,00;197,60;196,98;153993;30334186;885;
2013-09-20;197,70;197,90;197,90;198,30;196,60;197,90;197,76;266288;52673185;1991;
2013-09-19;197,70;197,80;197,50;199,30;196,70;197,80;197,80;341377;67528670;1294;
2013-09-18;196,00;196,10;195,90;196,80;195,50;196,00;195,97;114222;22383110;551;
2013-09-17;195,50;195,60;195,80;196,00;195,20;195,60;195,58;148107;28966141;943;
2013-09-16;195,50;195,70;194,90;195,90;194,10;195,70;195,31;145595;28434244;999;
2013-09-13;194,00;194,40;194,60;196,70;193,60;194,10;194,74;323197;62935415;1347;
2013-09-12;193,40;194,10;193,10;194,70;192,60;194,10;193,76;268572;52040603;1479;
2013-09-11;193,00;193,10;193,00;193,80;192,10;193,00;193,04;233781;45130962;1128;
2013-09-10;193,50;193,70;192,00;193,70;191,60;193,50;192,77;306265;59037528;1642;
2013-09-09;191,80;191,90;191,50;192,80;190,50;191,80;191,76;262128;50264507;2100;
2013-09-06;191,20;191,50;192,00;192,20;190,00;191,50;191,08;494603;94508861;3058;
2013-09-05;191,20;191,30;191,00;191,80;190,10;191,30;191,06;486478;92945575;2178;
2013-09-04;190,60;190,90;191,20;191,20;185,20;190,90;187,48;1144009;214525702;3670;
2013-09-03;191,20;191,30;190,50;192,40;189,00;191,20;191,35;487457;93256673;2674;
2013-09-02;190,00;190,50;187,10;190,60;186,90;190,50;188,85;253153;47797529;1356;
2013-08-30;187,00;187,10;186,80;188,80;186,60;187,00;187,68;236666;44415264;1229;
2013-08-29;186,60;186,90;185,50;186,90;185,00;186,90;185,83;187166;34781117;1078;
2013-08-28;185,10;185,20;187,80;188,40;184,80;185,20;185,94;219926;40894178;1591;
2013-08-27;187,60;187,80;186,60;189,00;185,90;187,80;187,33;448701;84041723;2125;
2013-08-26;186,40;186,70;186,90;187,30;185,40;186,70;186,33;129502;24130535;801;
2013-08-23;187,00;187,10;187,10;187,50;186,20;187,00;186,88;120198;22462123;686;
2013-08-22;186,90;187,00;185,60;188,30;185,20;187,00;187,27;211488;39605552;1203;
2013-08-21;185,50;185,80;188,00;188,50;185,50;185,60;186,57;165386;30858318;1066;
2013-08-20;187,80;188,10;184,20;188,10;183,20;188,10;186,82;366817;68507128;2007;
2013-08-19;184,20;184,30;184,10;184,50;183,00;184,30;183,64;428059;78610314;1858;
2013-08-16;184,20;184,40;185,40;186,20;183,80;184,20;184,42;600267;110702728;2896;
2013-08-15;185,50;185,60;186,30;186,60;185,30;185,50;185,80;301613;56029782;1639;
2013-08-14;186,30;186,60;189,10;190,00;185,70;186,30;187,18;699395;130959906;2141;
2013-08-13;189,10;189,30;187,40;190,10;187,40;189,10;189,37;245844;46546645;1384;
2013-08-12;187,50;187,70;189,10;190,20;187,50;187,50;188,42;197419;37200113;1186;
2013-08-09;189,00;189,40;186,90;189,40;186,90;189,00;188,69;186039;35093100;1075;
2013-08-08;186,90;187,30;187,00;188,00;183,30;187,00;186,76;300181;56064157;1335;
2013-08-07;186,80;186,90;187,70;188,80;186,20;186,90;187,76;196460;36902845;1053;
2013-08-06;187,60;187,80;189,50;191,30;187,60;187,60;189,35;241077;45649179;1198;
2013-08-05;189,50;189,60;186,40;189,60;186,10;189,50;188,50;319169;60160688;1327;
2013-08-02;186,60;187,00;187,00;188,20;186,10;186,60;187,21;233523;43729859;1172;
2013-08-01;186,90;187,00;186,00;188,80;186,00;186,90;187,45;263422;49380581;1466;
2013-07-31;185,50;185,70;190,40;190,60;184,60;185,50;186,44;417893;77942131;1777;
2013-07-30;190,10;190,60;190,20;190,90;189,10;190,50;190,08;253963;48274996;1230;
2013-07-29;190,40;190,50;189,70;193,00;189,70;190,40;191,25;295676;56548378;1344;
2013-07-26;190,00;190,10;194,40;195,40;190,00;190,00;192,66;565295;108871116;2147;
2013-07-25;195,40;195,60;197,20;197,50;194,50;195,50;196,01;243608;47749412;1040;
2013-07-24;197,20;197,30;195,60;197,70;195,60;197,30;197,06;165730;32660902;967;
2013-07-23;195,20;195,70;195,10;196,80;194,90;195,70;195,62;144436;28253557;836;
2013-07-22;194,90;195,00;195,10;195,90;194,40;195,00;195,07;245139;47817960;961;
2013-07-19;195,00;195,40;196,90;197,30;195,00;195,00;195,92;230580;45207682;1018;
2013-07-18;197,00;197,20;199,30;199,30;196,20;197,00;197,03;215053;42371973;1231;
2013-07-17;198,90;199,40;196,10;199,40;195,40;199,40;197,78;321221;63476751;1049;
2013-07-16;196,20;196,30;197,80;198,20;195,40;196,20;196,61;1042150;204898880;1390;
2013-07-15;197,70;197,80;198,80;199,20;197,20;197,70;198,14;542939;107653380;1888;
2013-07-12;198,80;199,00;197,20;200,60;197,00;198,90;199,62;625840;124904379;2358;
2013-07-11;196,30;197,10;195,40;197,10;194,20;197,10;195,83;372431;72940490;1654;
2013-07-10;195,00;195,30;191,30;195,30;190,50;195,30;192,99;723932;139580552;3207;
2013-07-09;191,00;191,20;185,50;191,50;185,30;191,20;188,22;559965;105298278;2672;
2013-07-08;185,90;186,10;187,40;188,20;183,90;186,00;186,01;426142;79369735;2299;
2013-07-05;189,00;189,20;190,90;191,50;188,00;189,20;190,12;522187;99303133;3179;
2013-07-04;190,60;190,80;191,00;191,00;189,50;190,80;190,31;659195;125453925;3186;
2013-07-03;190,90;191,10;187,00;193,00;185,00;191,10;190,67;1249614;238296535;4672;
2013-07-02;200,30;200,70;204,50;204,50;198,60;200,70;200,13;378281;75704404;2237;
2013-07-01;199,60;199,80;196,30;200,00;195,80;199,80;199,05;270545;53853417;1339;
2013-06-28;196,10;196,20;197,10;197,80;192,20;196,20;194,90;242135;47209834;1241;
2013-06-27;196,40;197,00;193,90;197,50;193,40;197,00;196,10;196919;38613378;1246;
2013-06-26;193,80;193,90;192,00;195,40;191,00;193,80;193,65;132858;25726188;965;
2013-06-25;192,10;192,40;191,50;194,40;191,10;192,10;192,59;181926;35039308;1121;
2013-06-24;191,00;191,10;193,00;193,00;188,30;191,00;190,65;365883;69755998;1792;
2013-06-21;193,30;193,50;191,40;194,70;191,40;193,50;193,38;208916;40397020;1327;
2013-06-20;191,50;191,70;195,00;195,40;191,40;191,50;192,97;301974;58266076;1073;
2013-06-19;196,10;196,50;198,40;198,40;194,10;196,10;196,30;176645;34669214;1281;
2013-06-18;197,50;197,70;195,60;198,40;195,60;197,70;197,61;234478;46332282;1439;
2013-06-17;195,40;195,90;199,70;200,40;193,00;195,90;195,91;227850;44631665;1141;
2013-06-14;198,20;198,30;199,00;199,40;196,50;198,30;197,97;158357;31348457;1201;
2013-06-13;197,30;197,50;197,50;197,90;195,10;197,50;196,75;302935;59605907;1607;
2013-06-12;197,70;198,00;190,30;198,00;190,30;198,00;196,34;538813;105542328;1391;
2013-06-11;191,00;191,30;196,00;196,10;190,40;191,00;191,89;591434;113537737;1959;
2013-06-10;195,60;196,00;201,60;201,60;195,20;195,60;197,91;413829;81891538;1871;
2013-06-07;201,20;201,40;202,40;203,00;197,70;201,20;201,33;406172;81783650;1421;
2013-06-06;202,40;202,60;203,60;203,80;202,00;202,40;202,73;256410;51992946;1399;
2013-06-04;203,30;203,50;203,60;204,70;203,00;203,50;203,85;237642;48446846;990;
2013-06-03;202,90;203,00;205,00;205,10;202,20;203,00;203,36;158553;32244945;1215;
2013-05-31;204,60;205,10;208,30;208,40;204,00;205,10;205,07;266613;54675343;1307;
2013-05-30;207,40;207,50;210,20;210,20;206,30;207,40;207,48;278555;57795810;1854;
2013-05-29;209,20;209,30;212,50;214,30;208,60;209,30;211,50;283582;59975751;1990;
2013-05-28;212,40;212,60;215,00;217,50;211,70;212,60;213,95;274292;58685286;1844;
2013-05-27;214,30;214,50;211,00;214,80;210,70;214,50;213,97;229856;49112290;1023;
2013-05-24;211,50;211,70;206,60;211,90;205,60;211,50;210,49;397803;83730356;2436;
2013-05-23;204,90;205,00;205,60;206,50;203,80;204,90;205,05;257181;52733847;1409;
2013-05-22;206,40;206,60;209,40;210,70;206,00;206,60;207,06;390486;80841974;2025;
2013-05-21;203,70;203,80;203,50;205,20;203,00;203,80;203,90;199398;40651072;1246;
2013-05-17;204,40;204,50;207,00;207,30;204,00;204,40;205,42;262240;53872544;1653;
2013-05-16;207,00;207,20;209,10;209,70;206,50;207,20;208,03;247397;51466767;1377;
2013-05-15;209,60;209,70;209,70;211,00;208,80;209,60;209,58;409042;85731824;2030;
2013-05-14;209,50;209,70;208,90;211,00;208,80;209,70;209,53;190351;39883410;1035;
2013-05-13;209,10;209,70;205,90;209,70;205,80;209,10;208,62;339136;70749808;1949;
2013-05-08;204,30;204,40;205,50;205,90;204,20;204,40;204,93;359233;73618385;1811;
2013-05-07;204,80;205,00;207,00;207,10;203,60;205,00;205,34;247790;50882515;1257;
2013-05-06;206,70;206,90;206,00;207,50;206,00;206,70;206,95;175766;36375176;631;
2013-05-03;207,10;207,20;205,20;208,00;204,60;207,10;206,57;187690;38769763;937;
2013-05-02;205,10;205,40;206,40;206,90;204,20;205,10;205,13;308895;63363232;1374;
2013-05-01;206,00;206,40;203,20;206,60;203,20;206,00;205,52;104925;21564030;483;
2013-04-30;203,70;204,00;204,80;205,00;203,00;204,00;203,65;243609;49610373;1836;
2013-04-29;203,60;204,00;203,40;204,70;202,50;204,00;203,68;310706;63268476;1379;
2013-04-25;203,10;203,40;204,00;204,90;202,80;203,40;203,48;307003;62465433;1309;
2013-04-24;204,50;204,70;202,80;204,70;201,70;204,70;203,16;427832;86917774;1291;
2013-04-23;202,00;202,10;201,80;202,60;200,50;202,10;201,71;831352;167704858;1956;
2013-04-22;201,50;202,00;199,70;202,00;199,20;202,00;201,23;417285;83971396;2269;
2013-04-19;200,00;200,10;199,50;201,50;198,50;200,00;200,44;483621;96936301;2231;
2013-04-18;198,50;198,90;195,80;200,00;194,10;198,90;197,94;676710;133953162;3004;
2013-04-17;196,70;196,80;194,70;198,30;194,20;196,80;196,56;536965;105536087;2802;
2013-04-16;194,90;195,10;197,00;198,00;194,00;195,00;195,02;739500;144219828;3273;
2013-04-15;196,00;196,30;199,40;200,00;193,90;196,00;196,13;656163;128660473;3643;
2013-04-12;199,40;199,80;198,00;201,90;197,10;199,40;198,75;1207409;239932478;4659;
2013-04-11;196,50;196,70;202,00;205,90;196,00;196,50;200,93;1757742;353139593;6557;
2013-04-10;212,20;212,30;209,50;212,30;209,00;212,30;210,75;422260;88997821;1540;
2013-04-09;209,60;209,90;212,00;212,40;209,10;209,70;210,12;289886;60905307;1628;
2013-04-08;211,10;211,30;206,60;211,50;206,10;211,30;209,86;416087;87301760;1977;
2013-04-05;205,80;206,00;208,60;210,00;204,90;205,80;206,96;413873;85664509;2431;
2013-04-04;208,00;208,40;214,00;214,30;206,00;208,30;208,66;751457;156760216;3202;
2013-04-03;215,80;215,90;220,00;220,50;214,70;215,90;217,37;599841;130366047;3026;
2013-04-02;222,90;223,00;215,60;223,50;215,50;223,00;221,03;475330;105061291;2427;
2013-03-27;215,70;215,80;217,00;217,00;214,00;215,80;215,37;385301;82981859;1632;
2013-03-26;215,80;216,00;210,10;216,30;210,00;216,00;214,01;332302;71110586;1717;
2013-03-25;210,70;211,00;210,40;212,00;210,00;211,00;210,94;292936;61792597;1562;
2013-03-22;210,30;210,40;209,10;210,50;208,70;210,40;209,78;238613;50053151;948;
2013-03-21;209,30;209,60;209,20;209,90;207,20;209,50;208,99;287106;60003514;1306;
2013-03-20;208,10;208,50;209,30;210,50;207,70;208,50;208,74;166903;34840086;1056;
2013-03-19;209,20;209,40;208,00;210,30;206,40;209,30;208,65;227582;47487174;1164;
2013-03-18;208,10;208,20;206,00;208,60;205,50;208,20;206,70;171513;35451199;1000;
2013-03-15;206,30;207,00;208,10;209,80;206,30;206,30;206,60;1217367;251511833;1617;
2013-03-14;208,00;208,30;208,00;209,60;207,50;208,10;208,39;199394;41551109;1024;
2013-03-13;208,40;208,50;209,50;209,50;207,90;208,40;208,48;181948;37934267;1037;
2013-03-12;208,60;208,70;209,90;210,20;207,60;208,70;208,77;192017;40091385;1203;
2013-03-11;208,90;209,20;207,00;209,20;206,00;209,20;208,39;184136;38370669;978;
2013-03-08;205,90;206,20;208,30;208,70;205,30;206,20;206,57;194249;40127990;1230;
2013-03-07;208,00;208,40;208,60;209,30;207,90;208,00;208,57;139660;29129118;924;
2013-03-06;208,20;208,40;207,90;208,80;207,90;208,30;208,38;183555;38248056;888;
2013-03-05;207,90;208,10;206,70;208,40;206,00;207,90;207,34;195807;40596256;1160;
2013-03-04;205,90;206,00;204,80;207,20;204,80;206,00;206,09;211096;43504718;1267;
2013-03-01;206,00;206,20;207,70;208,90;198,80;206,20;205,69;554543;114065456;2805;
2013-02-28;206,50;206,60;206,00;207,80;206,00;206,50;207,00;238169;49298274;1484;
2013-02-27;205,20;205,40;202,00;205,40;201,00;205,40;203,94;272043;55478797;1801;
2013-02-26;201,40;201,50;196,30;201,90;196,00;201,50;199,42;340946;67987943;2020;
2013-02-25;197,30;197,40;201,00;201,00;196,60;197,40;198,63;266951;53025496;1113;
2013-02-22;199,90;200,00;196,60;200,00;196,60;200,00;199,00;182017;36220922;1069;
2013-02-21;197,50;197,60;201,50;201,50;196,60;197,60;198,14;166873;33065781;954;
2013-02-20;201,20;201,50;195,90;201,80;195,50;201,50;198,89;322319;64098808;1877;
2013-02-19;195,00;195,40;194,20;195,70;193,70;195,00;195,08;145880;28458545;985;
2013-02-18;193,90;194,00;195,80;195,80;192,80;194,00;193,89;72976;14149779;589;
2013-02-15;195,50;195,70;193,90;196,00;193,70;195,70;194,87;187512;36540451;1237;
2013-02-14;194,50;194,60;193,60;195,00;192,90;194,60;194,15;184822;35877556;1407;
2013-02-13;193,10;193,70;190,00;193,80;188,30;193,10;190,11;661566;125767398;3175;
2013-02-12;191,10;192,00;195,00;195,80;191,10;191,10;193,10;355609;68668808;1411;
2013-02-11;194,70;195,10;196,70;196,70;193,90;195,00;195,13;133615;26072302;753;
2013-02-08;195,90;196,00;195,70;196,30;195,20;195,90;195,87;184816;36199965;1064;
2013-02-07;195,90;196,10;197,00;197,00;195,60;196,00;195,90;216116;42337823;956;
2013-02-06;196,00;196,30;197,00;198,50;195,40;196,30;196,96;308785;60811106;1621;
2013-02-05;196,90;197,00;197,00;197,90;195,50;197,00;196,78;278395;54784023;1303;
2013-02-04;197,60;197,80;197,50;198,30;197,10;197,80;197,84;279964;55385886;1471;
2013-02-01;197,40;197,50;195,00;197,90;195,00;197,50;197,21;462096;91134773;2547;
2013-01-31;194,50;194,60;197,00;197,50;194,20;194,50;196,06;355183;69657926;1908;
2013-01-30;196,80;196,90;200,00;200,30;196,50;196,90;197,75;262931;51997323;1664;
2013-01-29;199,50;199,60;200,40;200,40;199,00;199,50;199,52;254842;50842157;1122;
2013-01-28;199,60;199,90;200,00;200,70;198,90;199,60;199,75;454742;90750204;2000;
2013-01-25;199,20;199,50;194,10;199,90;194,10;199,20;197,74;339540;67109658;1929;
2013-01-24;194,30;194,50;196,40;198,00;194,10;194,30;195,58;274564;53700292;1901;
2013-01-23;197,00;197,20;196,00;197,70;195,10;197,00;196,57;463752;91171627;2413;
2013-01-22;195,10;195,30;196,00;196,00;194,10;195,10;194,82;294455;57364814;1681;
2013-01-21;195,30;195,50;193,50;195,90;192,70;195,30;194,80;355894;69324584;1954;
2013-01-18;193,00;193,10;192,00;193,90;192,00;193,10;193,26;592808;114557967;2813;
2013-01-17;190,70;191,00;187,60;191,70;187,30;190,70;190,41;651524;124049276;2947;
2013-01-16;186,80;187,00;188,00;188,40;184,30;187,00;186,11;585389;109020480;2256;
2013-01-15;187,00;187,80;186,00;188,70;185,80;187,00;187,31;861565;161295406;2404;
2013-01-14;185,50;185,60;183,10;185,90;183,10;185,50;184,83;600298;110951472;2142;
2013-01-11;182,10;182,20;180,00;182,30;178,90;182,20;180,54;503413;90871139;1667;
2013-01-10;180,00;180,20;183,50;183,50;179,90;180,00;181,66;386488;70180772;1259;
2013-01-09;182,70;182,90;183,30;183,30;181,30;182,90;182,38;218361;39827217;1150;
2013-01-08;182,70;182,90;182,90;183,30;182,20;182,90;182,83;227235;41545817;1202;
2013-01-07;182,90;183,20;184,40;184,40;182,70;182,90;183,30;255748;46882163;1158;
2013-01-04;184,30;184,50;184,50;184,90;183,50;184,50;184,40;202963;37423561;824;
2013-01-03;183,90;184,00;183,70;184,30;182,00;184,00;183,44;509936;93544096;1746;
2013-01-02;183,60;183,70;186,00;186,00;183,10;183,70;184,31;289912;53430994;1601;
2012-12-28;183,70;183,80;185,00;185,80;183,30;183,70;184,21;191705;35311324;931;
2012-12-27;184,60;185,00;187,00;187,30;184,50;184,60;185,36;137370;25461724;837;
2012-12-21;186,00;186,40;186,70;187,70;184,70;186,00;185,84;393027;73043828;1486;
2012-12-20;187,20;187,30;185,40;189,20;184,50;187,30;187,23;567770;106288181;1190;
2012-12-19;184,40;184,60;184,90;185,50;182,50;184,40;184,20;411883;75874330;1700;
2012-12-18;184,30;184,50;186,10;186,40;184,30;184,30;185,01;418881;77631772;1546;
2012-12-17;186,10;186,20;190,60;190,90;185,80;186,10;187,45;159119;29828248;666;
2012-12-14;189,60;189,90;189,10;190,90;189,10;189,60;189,98;168223;31960118;756;
2012-12-13;189,00;189,10;190,70;190,80;189,00;189,00;189,77;129467;24569471;664;
2012-12-12;190,30;190,60;190,90;191,50;190,10;190,30;190,48;120811;23012199;635;
2012-12-11;190,30;190,40;189,80;190,60;189,70;190,30;190,20;162734;30952152;710;
2012-12-10;190,00;190,10;190,00;190,30;189,00;190,00;189,98;182802;34728310;750;
2012-12-07;189,10;189,70;191,70;192,00;188,80;189,70;190,26;208010;39577823;842;
2012-12-06;191,10;191,30;186,60;191,20;186,10;191,20;189,87;183291;34800691;931;
2012-12-05;186,30;186,40;186,00;186,40;184,50;186,40;185,88;149002;27696446;731;
2012-12-04;185,40;185,50;187,30;187,50;184,60;185,50;185,98;235102;43724251;849;
2012-12-03;187,00;187,50;185,10;188,40;184,80;187,50;187,03;173856;32513315;1203;
2012-11-30;185,60;186,20;185,60;186,50;184,30;185,70;185,41;213004;39467392;1001;
2012-11-29;184,30;184,50;183,20;185,20;183,20;184,50;184,48;152693;28168088;922;
2012-11-28;182,90;183,00;185,60;186,20;182,00;182,90;182,96;234522;42924319;1174;
2012-11-27;187,80;188,00;188,00;188,50;186,60;188,00;187,74;272285;51118675;1397;
2012-11-26;186,60;186,70;187,90;188,00;186,20;186,70;186,81;126997;23723946;773;
2012-11-23;187,00;187,10;186,00;187,90;185,80;187,00;186,73;201028;37534273;835;
2012-11-22;185,80;186,00;187,20;188,20;184,90;185,80;186,35;158224;29483536;704;
2012-11-21;187,30;187,50;186,20;188,00;184,80;187,30;186,65;233681;43614401;1111;
2012-11-20;186,80;187,00;182,30;187,40;181,90;187,00;185,04;364781;67486913;1313;
2012-11-19;181,60;181,70;183,50;183,60;181,30;181,60;182,04;169640;30882019;851;
2012-11-16;183,10;183,50;181,00;183,90;181,00;183,50;182,86;294381;53831683;1338;
2012-11-15;181,50;181,70;181,00;182,00;180,10;181,50;181,24;268645;48705031;950;
2012-11-14;181,30;181,40;181,90;181,90;179,80;181,30;181,07;114323;20701033;549;
2012-11-13;180,90;181,10;179,50;181,10;178,90;181,00;180,42;137685;24841841;681;
2012-11-12;180,20;180,50;182,20;182,30;179,80;180,20;180,78;202371;36585454;1019;
2012-11-09;182,00;182,10;181,80;182,10;179,30;182,00;180,74;205182;37083882;965;
2012-11-08;181,00;181,20;178,60;181,90;178,30;181,00;180,76;237873;42995570;1316;
2012-11-07;178,80;179,40;179,00;180,30;176,80;179,40;179,60;199800;35881774;955;
2012-11-06;178,00;178,20;179,70;180,20;177,50;178,20;178,54;220291;39332389;1127;
2012-11-05;179,60;180,00;180,40;180,40;177,60;180,00;178,98;164167;29381393;877;
2012-11-02;179,90;180,10;180,40;182,60;179,60;180,10;180,68;227486;41106307;1116;
2012-11-01;182,60;183,00;181,40;184,70;181,00;182,60;182,71;518596;94726683;2481;
2012-10-31;180,40;180,90;179,00;181,50;178,20;180,40;179,61;524677;94234279;1861;
2012-10-30;173,70;174,20;172,60;174,40;172,50;173,70;173,67;105019;18238469;632;
2012-10-29;173,20;173,40;171,10;174,60;171,10;173,20;173,20;153167;26528196;778;
2012-10-26;173,70;174,00;175,90;175,90;173,00;173,70;174,35;222234;38746537;1146;
2012-10-25;175,90;176,60;173,00;177,10;171,20;175,90;175,72;376401;66142135;1425;
2012-10-24;172,40;172,80;169,60;172,80;168,90;172,80;171,20;251137;42990080;1289;
2012-10-23;168,80;169,00;172,20;172,60;168,50;169,00;169,85;180855;30720836;941;
2012-10-22;171,60;172,30;173,20;173,50;170,70;171,60;171,83;269101;46239261;1182;
2012-10-19;172,80;172,90;168,60;173,00;168,20;172,90;170,05;454420;77272656;1298;
2012-10-18;168,60;168,80;170,30;171,50;166,40;168,60;168,18;443004;74508106;1492;
2012-10-17;170,30;170,40;173,00;173,00;170,20;170,30;170,82;336086;57411073;1434;
2012-10-16;172,20;172,40;173,70;173,70;171,60;172,40;172,48;282503;48726533;1190;
2012-10-15;172,80;173,10;174,80;174,80;172,10;173,00;172,92;305480;52828026;1489;
2012-10-12;174,30;174,40;175,70;175,70;174,00;174,40;174,81;323272;56509886;1440;
2012-10-11;174,70;174,90;177,00;177,00;174,10;174,90;175,03;562330;98454110;1580;
2012-10-10;177,10;177,20;176,80;178,40;175,50;177,10;177,10;283162;50148003;1252;
2012-10-09;177,50;177,80;180,00;180,30;177,50;177,50;178,53;324418;57918246;1447;
2012-10-08;178,80;179,00;178,00;179,20;176,60;179,00;178,48;269561;48063006;1223;
2012-10-05;177,90;178,00;178,50;178,80;176,60;178,00;177,79;149271;26539168;708;
2012-10-04;178,20;178,50;177,10;178,50;177,00;178,20;177,93;348398;61989394;926;
2012-10-03;177,10;177,20;178,20;178,40;176,20;177,10;176,98;367997;65128616;913;
2012-10-02;178,00;178,10;179,00;180,30;177,70;178,10;178,64;290964;51981274;1623;
2012-10-01;179,60;180,00;174,50;180,00;174,50;180,00;178,13;271042;48301970;1406;
2012-09-28;174,80;175,00;172,80;177,00;171,20;174,80;174,13;640480;111486284;2477;
2012-09-27;172,80;172,90;178,30;179,00;172,40;172,80;175,68;330453;58061059;1224;
2012-09-26;178,50;178,70;179,00;179,50;177,60;178,50;178,38;129062;23022395;695;
2012-09-25;179,50;179,80;178,60;180,50;178,50;179,50;179,77;203924;36659458;772;
2012-09-24;179,40;179,70;177,40;180,00;177,00;179,40;178,66;247766;44264856;1271;
2012-09-21;177,30;178,90;177,60;178,80;176,90;178,80;178,39;499321;89075779;915;
2012-09-20;177,60;177,80;174,70;178,00;173,20;177,60;176,45;214868;37911420;1111;
2012-09-19;174,40;175,00;174,00;175,00;174,00;174,40;174,52;214447;37425709;985;
2012-09-18;173,50;174,20;173,00;174,20;172,50;174,20;173,12;276651;47892407;914;
2012-09-17;173,30;173,50;174,60;175,40;173,30;173,40;174,39;442454;77120815;1098;
2012-09-14;174,30;174,40;175,30;175,40;173,60;174,30;174,47;272634;47566325;1166;
2012-09-13;173,40;173,60;174,40;175,00;172,80;173,40;173,55;197663;34306167;1341;
2012-09-12;174,10;174,90;175,50;177,20;174,00;174,10;175,38;316535;55512029;1319;
2012-09-11;175,20;175,80;175,00;176,40;174,90;175,80;175,42;202165;35463743;1043;
2012-09-10;175,30;175,50;176,00;176,30;174,90;175,50;175,40;196599;34481926;905;
2012-09-07;176,20;176,30;180,00;180,00;175,10;176,30;176,79;304323;53801436;1366;
2012-09-06;180,00;180,20;180,00;180,50;178,00;180,00;179,48;127184;22827137;701;
2012-09-05;179,00;179,60;177,70;181,10;177,70;179,60;179,78;173681;31224199;800;
2012-09-04;178,10;178,20;177,10;178,50;177,00;178,10;177,54;178962;31772349;775;
2012-09-03;177,20;177,30;176,70;178,00;175,40;177,20;176,98;107153;18963719;590;
2012-08-31;176,80;177,10;177,30;178,00;175,80;176,80;177,04;185921;32912863;801;
2012-08-30;176,30;176,40;176,90;177,00;176,00;176,30;176,42;125041;22059350;883;
2012-08-29;176,50;176,70;174,00;177,70;173,90;176,50;176,78;173454;30662568;805;
2012-08-28;173,80;173,90;173,90;175,30;173,60;173,90;174,45;137566;23999092;765;
2012-08-27;173,30;173,70;173,10;174,30;172,60;173,70;173,46;103241;17907976;476;
2012-08-24;173,40;173,60;174,00;174,80;173,00;173,40;173,64;100757;17495388;530;
2012-08-23;174,20;174,30;176,00;176,00;173,60;174,20;174,54;100403;17524874;464;
2012-08-22;175,10;175,20;174,50;176,30;173,90;175,10;175,13;214342;37546084;943;
2012-08-21;175,10;175,30;176,00;176,00;174,20;175,30;174,96;144347;25255458;858;
2012-08-20;175,80;175,90;176,50;176,70;175,00;175,90;175,47;100807;17688207;583;
2012-08-17;176,10;176,20;178,00;178,10;175,30;176,10;176,64;156120;27578552;757;
2012-08-16;177,80;178,10;177,00;178,10;176,10;178,10;176,98;149645;26483750;824;
2012-08-15;177,30;177,40;177,40;177,70;176,00;177,40;177,00;130538;23103072;639;
2012-08-14;176,80;177,00;176,80;177,00;175,10;177,00;176,22;124900;22009693;1023;
2012-08-13;175,30;175,50;179,80;179,80;174,90;175,40;175,91;211892;37274198;1082;
2012-08-10;177,00;177,50;177,00;177,50;175,60;177,50;176,67;141284;24960912;970;
2012-08-09;178,00;178,10;176,50;178,50;176,50;178,00;177,86;131992;23476624;660;
2012-08-08;176,10;176,40;173,80;177,00;173,80;176,40;176,10;205083;36115900;1032;
2012-08-07;174,80;174,90;177,80;179,20;173,90;174,90;175,77;349706;61468901;1504;
2012-08-06;178,40;178,60;177,80;179,80;176,10;178,40;178,55;256008;45710368;1169;
2012-08-03;176,80;176,90;172,80;177,20;172,80;176,80;175,81;237017;41670017;1114;
2012-08-02;173,00;173,40;174,10;174,30;172,20;173,40;173,21;213380;36959023;1070;
2012-08-01;173,20;173,40;172,90;174,00;172,00;173,20;173,07;174145;30138468;849;
2012-07-31;172,90;173,00;172,00;172,90;170,60;172,90;171,63;244514;41983375;845;
2012-07-30;172,10;172,30;172,50;173,50;171,10;172,30;172,23;189253;32593479;1088;
2012-07-27;171,70;171,90;172,40;172,60;170,70;171,90;171,45;195470;33513995;1010;
2012-07-26;171,90;172,00;171,30;172,80;170,60;172,00;171,90;207394;35650319;1057;
2012-07-25;171,40;171,50;171,50;173,00;170,80;171,40;171,62;141819;24339218;645;
2012-07-24;171,60;172,00;171,30;173,00;171,10;172,00;172,03;246734;42445780;1141;
2012-07-23;170,00;171,00;172,40;173,10;170,10;171,00;171,61;379531;65129698;1629;
2012-07-20;174,40;174,50;173,40;174,70;172,80;174,40;173,99;177193;30829171;824;
2012-07-19;173,60;173,80;172,00;174,50;172,00;173,80;173,55;453037;78621277;1208;
2012-07-18;171,30;171,50;172,00;173,40;171,10;171,50;171,62;470359;80726649;1173;
2012-07-17;171,50;171,70;171,70;172,50;170,70;171,50;171,66;250801;43051020;909;
2012-07-16;170,60;171,00;171,00;172,00;170,30;170,60;170,97;376187;64313844;1051;
2012-07-13;170,60;170,80;168,90;171,50;168,90;170,60;170,56;264883;45177922;982;
2012-07-12;169,20;169,40;169,80;170,90;168,40;169,40;169,54;255513;43319327;1257;
2012-07-11;169,30;169,50;170,40;172,40;169,20;169,50;170,54;412813;70407204;1310;
2012-07-10;170,40;170,60;170,00;171,00;169,50;170,40;170,54;538881;91899102;1259;
2012-07-09;170,40;170,50;172,80;173,40;169,70;170,40;170,65;413100;70470395;1714;
2012-07-06;172,50;173,00;172,10;173,90;171,10;173,00;172,69;413957;71487006;1914;
2012-07-05;171,60;171,90;170,80;171,90;168,80;171,90;170,33;379215;64593608;1737;
2012-07-04;171,60;171,80;163,30;173,40;162,50;171,60;168,16;1636714;275239129;4422;
2012-07-03;153,70;154,00;153,50;154,20;151,90;153,70;153,22;341486;52334799;1696;
2012-07-02;151,30;151,50;150,20;153,90;150,20;151,50;151,88;398295;60493786;1320;
2012-06-29;150,70;150,90;150,50;152,00;150,20;150,70;150,87;370910;55959103;1535;
2012-06-28;148,80;148,90;151,00;152,30;148,20;148,90;149,17;516449;77154600;2059;
2012-06-27;151,90;152,00;151,00;152,10;149,00;152,00;150,63;487576;73450219;1814;
2012-06-26;151,90;152,00;155,00;155,80;151,30;151,90;152,36;445346;67854496;2258;
2012-06-25;154,90;155,00;157,50;157,50;154,20;155,00;155,12;297964;46222311;1197;
2012-06-22;156,80;157,20;157,30;158,00;156,10;157,20;156,96;206220;32368555;860;
2012-06-21;159,20;159,40;159,40;159,80;158,10;159,40;158,88;332974;52900857;1258;
2012-06-20;159,00;159,10;160,40;160,40;157,30;159,00;158,14;287026;45388841;1096;
2012-06-19;159,70;159,90;159,30;159,90;157,70;159,90;158,76;367140;58288428;1713;
2012-06-18;160,50;160,60;161,50;161,90;159,00;160,60;159,94;230525;36863850;1011;
2012-06-15;159,70;159,90;160,00;161,20;159,00;159,90;159,87;252544;40376389;1044;
2012-06-14;160,30;160,40;160,50;160,90;159,10;160,40;160,01;196118;31380572;791;
2012-06-13;160,50;160,70;161,70;161,70;158,40;160,50;159,97;267570;42803964;1322;
2012-06-12;160,50;160,60;160,30;161,10;159,80;160,50;160,55;572049;91842693;1345;
2012-06-11;160,10;160,20;159,70;162,20;159,70;160,20;160,53;161037;25851060;711;
2012-06-08;159,50;159,70;160,00;160,00;158,30;159,70;159,15;286966;45666270;1442;
2012-06-07;161,90;162,10;159,40;162,00;158,00;162,00;159,78;321689;51396906;1650;
2012-06-06;158,30;158,70;159,00;159,80;155,00;158,70;157,56;574537;90525919;2694;
2012-06-04;158,70;159,00;163,80;163,80;158,50;159,00;159,47;239343;38170931;801;
2012-06-01;163,70;163,90;166,80;168,70;161,60;163,90;164,43;531819;87447070;2826;
2012-05-31;167,00;167,40;168,20;169,80;166,00;167,40;167,58;348843;58458933;1392;
2012-05-30;168,50;168,60;167,50;170,50;166,50;168,50;169,14;501415;84807434;1469;
2012-05-29;167,50;167,60;168,00;168,00;165,90;167,50;166,56;419391;69850763;1734;
2012-05-25;167,90;168,00;164,20;168,00;163,70;168,00;166,04;354388;58846910;1485;
2012-05-24;163,40;163,50;163,30;164,00;162,30;163,40;162,92;290913;47395339;1259;
2012-05-23;162,00;162,20;162,70;163,10;161,40;162,20;162,31;313539;50887477;1089;
2012-05-22;162,00;162,30;163,80;165,60;162,00;162,00;163,09;539257;87770312;1280;
2012-05-21;164,20;164,50;159,30;164,90;158,90;164,50;161,32;700817;113072905;1857;
2012-05-16;160,60;160,90;161,60;161,60;159,90;160,60;160,67;430043;69093474;1706;
2012-05-15;161,30;161,70;161,00;162,20;161,00;161,50;161,43;295909;47769369;1141;
2012-05-14;161,00;161,10;161,90;162,40;160,10;161,00;161,22;534353;86150045;1388;
2012-05-11;161,70;162,10;160,00;162,30;160,00;162,10;161,46;218257;35235492;915;
2012-05-10;160,30;160,40;158,00;160,60;156,60;160,40;159,40;467918;74590888;1230;
2012-05-09;157,70;157,80;157,30;158,90;156,50;157,70;157,59;320339;50483174;1396;
2012-05-08;157,00;157,10;161,00;161,70;156,20;157,10;158,59;328870;52154986;1372;
2012-05-07;160,20;160,30;157,90;161,70;157,50;160,30;160,25;369918;59283768;1639;
2012-05-03;158,80;159,00;157,60;159,00;157,50;159,00;158,25;188967;29905777;714;
2012-05-02;157,80;157,90;158,80;158,80;157,30;157,90;158,11;731807;115708087;1306;
2012-05-01;157,50;158,00;156,60;158,20;155,30;157,50;157,23;163268;25669509;760;
2012-04-30;155,80;155,90;155,70;156,20;154,50;155,80;155,33;193839;30109346;743;
2012-04-27;154,30;154,50;154,50;155,40;153,90;154,30;154,68;311514;48187818;951;
2012-04-26;154,10;154,30;155,00;155,00;153,70;154,30;154,46;257500;39772832;1200;
2012-04-25;153,00;153,10;153,90;155,20;152,50;153,10;153,46;643198;98706512;1314;
2012-04-24;154,30;154,50;152,10;155,00;152,00;154,50;154,26;594906;91770154;2241;
2012-04-23;152,00;152,10;151,50;152,90;151,30;152,10;152,14;865009;131580231;1523;
2012-04-20;151,10;151,50;155,50;155,60;150,80;151,50;152,52;929917;141783924;3230;
2012-04-19;155,50;155,90;147,00;158,50;147,00;155,50;153,57;1647245;252978394;4250;
2012-04-18;144,60;144,70;145,20;145,40;143,80;144,70;144,17;382674;55168769;1247;
2012-04-17;144,40;144,50;145,50;145,90;144,00;144,40;144,51;409845;59227444;1153;
2012-04-16;145,90;146,00;145,00;146,80;144,50;146,00;146,04;250042;36516769;877;
2012-04-13;144,40;144,90;144,70;145,00;144,10;144,90;144,52;495593;71594519;1583;
2012-04-12;144,00;144,10;146,00;146,60;144,00;144,00;144,80;587407;85055490;1518;
2012-04-11;144,90;145,10;146,00;146,00;144,10;145,00;144,71;310273;44899319;1155;
2012-04-10;145,00;145,10;147,90;147,90;145,00;145,10;145,71;251283;36613887;1173;
2012-04-04;147,50;148,00;150,50;150,50;147,20;148,00;147,93;203406;30093615;983;
2012-04-03;150,20;150,50;149,00;153,00;148,90;150,20;150,67;501623;75573523;1435;
2012-04-02;148,90;149,00;144,90;149,40;144,40;149,00;147,32;450756;66410383;1125;
2012-03-30;144,40;144,50;145,00;145,00;143,50;144,40;144,24;230001;33176036;955;
2012-03-29;143,10;143,40;145,00;145,80;143,10;143,10;144,33;467535;67468858;1792;
2012-03-28;145,00;145,10;142,90;146,20;142,70;145,00;144,68;453474;65612215;1514;
2012-03-27;142,90;143,00;142,50;143,00;141,30;142,90;142,71;348770;49772406;1114;
2012-03-26;141,90;142,40;140,50;142,40;139,40;142,40;141,15;346798;48949483;983;
2012-03-23;139,80;140,00;139,80;140,00;138,50;139,80;139,57;256784;35837991;885;
2012-03-22;138,80;138,90;140,00;140,00;138,50;138,80;139,10;248858;34611338;989;
2012-03-21;139,80;139,90;139,00;140,00;138,00;139,90;139,42;261833;36504452;1033;
2012-03-20;138,10;138,30;138,50;138,80;137,10;138,10;138,11;232151;32061577;1136;
2012-03-19;137,70;138,00;138,70;138,70;137,70;137,70;138,01;263349;36344052;850;
2012-03-16;138,20;138,30;139,90;140,30;137,90;138,20;138,59;282257;39104970;1110;
2012-03-15;139,60;139,70;141,50;141,50;139,60;139,70;139,94;194632;27237030;1027;
2012-03-14;141,60;141,90;142,00;142,00;140,50;141,60;141,64;308941;43757709;980;
2012-03-13;141,50;141,70;139,50;141,80;139,00;141,70;140,66;187230;26334739;808;
2012-03-12;139,10;139,30;138,50;139,70;138,30;139,10;138,97;138389;19231726;528;
2012-03-09;139,10;139,30;140,70;140,70;138,10;139,10;139,45;221500;30889171;675;
2012-03-08;139,90;140,10;138,90;140,00;138,20;140,00;139,53;310299;43295209;1123;
2012-03-07;138,10;138,20;136,40;138,20;136,20;138,20;137,76;282173;38871979;1062;
2012-03-06;135,70;136,10;137,50;138,10;135,70;135,70;136,73;356584;48764354;1066;
2012-03-05;137,30;137,40;138,00;138,00;137,00;137,30;137,32;97216;13349533;477;
2012-03-02;137,40;137,80;137,50;138,80;137,20;137,80;137,65;332546;45780725;727;
2012-03-01;137,90;138,10;138,00;138,80;137,10;138,00;137,97;298941;41245570;982;
2012-02-29;137,90;138,00;138,40;139,00;137,50;138,00;137,99;343537;47406529;1257;
2012-02-28;137,60;138,10;137,50;138,50;136,80;138,10;137,55;453368;62359495;1502;
2012-02-27;137,40;137,50;139,80;140,20;137,50;137,50;138,46;332761;46075158;1176;
2012-02-24;139,90;140,10;141,60;142,10;139,50;140,00;140,09;276379;38717061;912;
2012-02-23;141,70;142,00;142,50;143,50;140,80;142,00;142,27;277603;39495354;1231;
2012-02-22;141,50;141,90;140,50;142,60;140,50;141,90;141,83;315142;44697730;915;
2012-02-21;140,10;140,30;141,00;141,70;140,10;140,10;141,03;185170;26114154;728;
2012-02-20;141,20;141,30;141,50;141,50;140,20;141,30;140,79;213399;30044998;697;
2012-02-17;140,30;140,50;142,30;143,00;140,30;140,30;141,67;200324;28366131;726;
2012-02-16;140,70;141,20;141,10;141,70;140,40;141,20;141,06;252969;35683727;1075;
2012-02-15;140,90;141,40;142,30;143,10;140,60;140,90;141,85;267508;37946121;1180;
2012-02-14;141,60;142,00;140,50;142,00;139,30;142,00;140,77;636070;89541698;1102;
2012-02-13;141,40;141,50;140,80;141,80;140,20;141,40;140,99;162018;22842667;888;
2012-02-10;140,50;140,80;138,50;140,80;138,50;140,80;139,50;485031;67672425;1115;
2012-02-09;138,70;138,80;139,00;139,20;138,60;138,80;138,98;390302;54246956;1043;
2012-02-08;139,00;139,20;140,50;140,70;139,00;139,00;139,30;448873;62529232;1052;
2012-02-07;139,90;140,10;140,00;141,30;139,00;140,00;139,97;246818;34545914;844;
2012-02-06;139,70;139,90;139,50;140,50;138,60;139,70;139,87;211790;29600841;1029;
2012-02-03;139,30;139,50;140,10;141,00;138,30;139,50;139,41;544800;75983479;1437;
2012-02-02;140,50;140,60;141,00;142,20;140,20;140,50;141,13;354312;50002035;1145;
2012-02-01;140,60;140,80;139,70;140,90;139,40;140,80;140,14;301549;42259041;1069;
2012-01-31;139,10;139,20;138,70;140,30;137,90;139,10;139,40;511240;71265527;1451;
2012-01-30;137,90;138,20;135,70;139,00;133,50;137,90;137,78;795180;109557563;1844;
2012-01-27;135,30;135,50;134,70;135,80;134,30;135,30;135,43;341257;46212107;928;
2012-01-26;134,60;134,80;134,00;135,80;134,00;134,70;135,00;257264;34729753;838;
2012-01-25;133,80;133,90;135,10;136,30;133,70;133,90;134,35;389154;52279965;872;
2012-01-24;135,10;135,70;134,70;135,60;133,00;135,10;134,39;259457;34864981;952;
2012-01-23;134,60;134,70;137,20;137,20;134,60;134,70;135,34;220777;29878634;730;
2012-01-20;136,00;136,20;140,00;140,00;136,10;136,10;137,50;524043;72056853;1484;
2012-01-19;137,40;137,50;139,50;141,00;136,30;137,50;138,54;729624;101080726;2600;
2012-01-18;138,80;139,00;137,90;139,00;136,40;139,00;138,03;277913;38359419;1051;
2012-01-17;137,20;137,40;139,00;139,00;136,60;137,20;138,15;704470;97256767;1549;
2012-01-16;137,10;137,30;133,40;137,30;132,20;137,30;135,62;711009;96428138;1701;
2012-01-13;132,50;132,60;139,00;139,00;132,20;132,60;134,29;1274004;171186304;3267;
2012-01-12;139,00;139,10;136,60;139,60;135,10;139,10;137,74;987712;135999136;2931;
2012-01-11;135,10;135,50;138,00;144,30;132,00;135,10;135,19;3699646;500135995;6501;
2012-01-10;122,90;123,00;123,40;123,40;122,60;123,00;123,00;916506;112744267;1682;
2012-01-09;122,40;122,50;121,80;124,00;121,50;122,50;122,82;504893;62018744;1527;
2012-01-06;121,00;121,10;121,10;122,70;120,60;121,10;121,73;483650;58873005;1637;
2012-01-05;121,60;121,70;124,50;125,00;120,80;121,70;122,33;626711;76624749;1562;
2012-01-04;124,30;124,50;126,00;127,10;123,80;124,50;124,66;738371;92078625;2023;
2012-01-03;126,90;127,00;125,50;127,40;125,20;127,00;126,41;765637;96789481;1839;
2012-01-02;125,20;125,50;124,90;126,00;123,50;125,50;124,67;219641;27382445;730;
2011-12-30;124,50;124,90;123,10;125,00;123,10;124,90;124,48;176714;21963452;508;
2011-12-29;122,70;122,80;122,40;123,10;121,80;122,80;122,70;146398;17962875;589;
2011-12-28;122,40;122,70;121,50;123,00;121,50;122,40;122,63;114258;14012024;426;
2011-12-27;122,40;122,50;122,70;123,00;122,10;122,50;122,62;78759;9657634;271;
2011-12-23;122,20;122,70;121,30;122,70;121,30;122,70;121,95;213677;26055271;707;
2011-12-22;121,10;121,20;119,80;121,50;119,50;121,10;120,69;436401;52650145;1011;
2011-12-21;120,20;120,30;122,00;122,00;119,80;120,20;120,45;494635;59568803;1044;
2011-12-20;120,90;121,00;117,50;121,10;117,40;121,00;119,38;482034;57559320;1202;
2011-12-19;117,50;117,60;115,70;119,00;115,70;117,50;117,71;430901;50710154;1084;
2011-12-16;115,40;115,50;115,70;115,90;115,00;115,50;115,27;263807;30410819;888;
2011-12-15;115,40;115,70;114,90;116,20;114,80;115,70;115,63;184112;21287813;410;
2011-12-14;115,20;115,50;117,90;117,90;115,20;115,50;116,08;215092;24967936;581;
2011-12-13;117,10;117,50;114,00;117,70;114,00;117,10;116,20;311549;36205588;849;
2011-12-12;114,40;114,50;117,00;117,00;114,30;114,40;115,62;298222;34484901;844;
2011-12-09;116,80;117,30;117,30;118,30;116,50;116,80;117,25;102806;12054322;430;
2011-12-08;117,20;117,50;117,70;118,40;117,20;117,50;117,72;282979;33315161;1014;
2011-12-07;117,50;117,60;118,50;118,60;116,80;117,60;117,98;232503;27431851;793;
2011-12-06;116,90;117,30;118,20;118,60;116,70;117,30;117,45;275605;32369678;714;
2011-12-05;118,90;119,00;116,80;119,50;116,40;119,00;118,13;383943;45353254;1001;
2011-12-02;116,20;116,30;116,50;117,50;116,10;116,30;116,88;386403;45164724;1029;
2011-12-01;116,50;116,70;117,00;117,00;115,60;116,50;116,36;368358;42859502;1248;
2011-11-30;116,90;117,00;112,60;117,10;112,10;117,00;114,46;561035;64211220;1326;
2011-11-29;115,30;115,40;115,00;115,80;114,50;115,30;115,14;479752;55240267;1130;
2011-11-28;115,00;115,10;115,80;116,50;114,80;115,00;115,28;484179;55818529;1009;
2011-11-25;114,90;115,00;113,70;115,60;113,60;114,90;114,83;172240;19777693;682;
2011-11-24;114,50;114,80;113,50;115,00;113,30;114,50;114,34;280062;32018535;746;
2011-11-23;113,60;113,90;115,50;116,20;113,40;113,60;114,44;596802;68212993;1198;
2011-11-22;115,20;115,50;114,00;116,20;114,00;115,50;115,38;351781;40588381;868;
2011-11-21;114,30;114,40;117,00;117,00;114,20;114,40;115,03;474368;54568176;1084;
2011-11-18;116,60;116,70;116,60;117,70;115,80;116,60;116,58;1074230;125226802;1896;
2011-11-17;116,60;116,70;116,00;117,50;114,40;116,60;115,93;3208643;371952758;4635;
2011-11-16;122,00;122,10;120,70;122,50;120,50;122,00;122,02;469997;57346895;1199;
2011-11-15;121,80;121,90;121,90;122,40;119,90;121,90;121,69;403035;49047486;1475;
2011-11-14;121,70;121,80;120,50;122,20;120,50;121,80;121,68;245872;29918086;1294;
2011-11-11;121,40;121,50;120,00;121,60;119,50;121,40;121,16;294417;35671524;997;
2011-11-10;120,00;120,20;118,50;121,00;118,00;120,00;120,04;653943;78499022;1534;
2011-11-09;118,80;119,00;117,60;119,20;116,20;119,00;117,92;600842;70849198;2090;
2011-11-08;117,20;117,50;115,50;118,00;115,50;117,20;117,32;478319;56125035;1332;
2011-11-07;114,90;115,00;112,00;116,50;111,30;115,00;114,54;668244;76542416;1585;
2011-11-04;111,70;111,80;113,00;113,00;111,10;111,70;111,71;735995;82218297;1122;
2011-11-03;111,90;112,00;113,10;114,00;109,70;112,00;111,63;953663;106459662;2709;
2011-11-02;113,50;113,60;116,00;116,00;113,10;113,60;113,96;324535;36980902;889;
2011-11-01;113,10;113,50;115,90;116,50;113,00;113,50;114,37;260006;29732311;882;
2011-10-31;117,50;117,70;115,80;118,30;115,00;117,50;116,47;235892;27468376;1139;
2011-10-28;115,90;116,00;118,00;118,40;115,30;116,00;116,61;280856;32800922;1045;
2011-10-27;117,90;118,00;118,90;119,00;117,80;118,00;118,45;175657;20810193;594;
2011-10-26;117,70;117,90;116,00;118,00;115,00;117,90;116,96;218639;25600807;679;
2011-10-25;115,00;116,40;119,00;119,00;115,00;115,00;115,72;245876;28452845;711;
2011-10-24;118,20;118,30;116,20;118,80;114,60;118,20;116,85;171814;20072697;897;
2011-10-21;115,10;115,20;114,50;116,20;113,50;115,10;114,94;262476;30172567;1219;
2011-10-20;113,90;114,00;115,50;115,90;113,40;114,00;114,32;235478;26918741;862;
2011-10-19;116,50;116,60;117,00;117,00;114,50;116,60;116,11;113987;13235549;517;
2011-10-18;115,90;116,00;116,10;118,30;115,60;116,00;116,55;188667;21992011;762;
2011-10-17;116,40;116,60;118,00;120,20;115,80;116,40;118,32;147827;17494452;591;
2011-10-14;118,80;119,00;118,00;119,00;117,80;119,00;118,59;168367;19966200;617;
2011-10-13;117,40;117,50;119,00;119,00;116,70;117,50;118,13;312871;36960937;1049;
2011-10-12;118,90;119,00;115,50;119,90;115,40;119,00;117,75;386024;45445615;951;
2011-10-11;115,80;116,00;117,00;117,00;114,60;116,00;116,14;114649;13315352;676;
2011-10-10;116,70;116,80;114,40;117,00;114,10;116,80;115,60;132476;15313748;638;
2011-10-07;113,80;113,90;113,50;115,50;112,40;113,80;114,09;175819;20058809;685;
2011-10-06;112,50;112,70;113,60;114,60;112,20;112,50;113,00;429580;48543866;1217;
2011-10-05;112,50;112,80;115,10;115,70;112,10;112,50;113,03;258686;29239795;781;
2011-10-04;114,20;114,50;114,40;116,00;112,50;114,50;114,10;283052;32297970;1057;
2011-10-03;115,80;115,90;114,40;115,90;113,00;115,80;114,92;133491;15341357;613;
2011-09-30;115,50;115,60;113,30;115,60;112,70;115,50;114,27;263930;30149605;775;
2011-09-29;112,90;113,20;112,90;114,80;112,90;112,90;113,50;283450;32171929;740;
2011-09-28;112,90;113,00;115,10;115,40;112,90;112,90;114,41;313169;35801137;1137;
2011-09-27;115,30;115,40;117,70;118,00;114,80;115,40;115,90;196425;22767119;887;
2011-09-26;116,10;116,40;112,90;117,20;112,90;116,40;115,75;233629;27041854;697;
2011-09-23;113,00;113,10;115,10;115,50;112,90;113,10;113,45;196445;22286542;633;
2011-09-22;115,50;115,80;113,00;116,20;112,90;115,50;114,30;265389;30334367;960;
2011-09-21;114,20;114,50;115,50;116,40;114,00;114,50;115,02;141822;16311454;570;
2011-09-20;116,10;116,80;112,80;117,00;112,60;116,10;115,71;174376;20176591;583;
2011-09-19;113,00;113,10;113,40;113,40;112,30;113,00;112,93;288883;32624622;835;
2011-09-16;112,50;114,00;115,80;116,30;112,50;112,50;113,40;506033;57385850;1100;
2011-09-15;115,80;116,00;115,70;117,90;115,20;116,00;116,16;165252;19195534;523;
2011-09-14;115,30;115,50;112,30;115,90;112,00;115,30;114,49;115653;13239950;516;
2011-09-13;112,60;113,30;114,10;115,00;112,50;112,70;113,86;220826;25143433;592;
2011-09-12;113,40;113,50;113,00;114,00;111,50;113,40;113,06;253514;28659058;807;
2011-09-09;114,50;114,60;115,80;116,00;113,70;114,50;114,65;100385;11509136;424;
2011-09-08;116,00;116,20;114,60;116,50;114,60;116,00;115,73;269826;31226306;658;
2011-09-07;115,00;115,40;114,10;115,80;113,40;115,00;114,89;167638;19262505;485;
2011-09-06;113,40;113,50;112,00;114,40;111,40;113,40;112,57;321159;36153091;896;
2011-09-05;111,50;111,80;113,10;113,20;111,20;111,50;112,03;182993;20500726;431;
2011-09-02;114,20;114,60;117,20;117,20;113,30;114,30;114,83;169299;19441188;495;
2011-09-01;116,90;117,30;118,40;118,50;116,90;116,90;117,56;275604;32401649;756;
2011-08-31;118,10;118,30;117,80;118,50;116,40;118,30;117,66;293532;34531463;659;
2011-08-30;117,40;117,70;118,00;118,50;116,70;117,70;117,40;421510;49484167;420;
2011-08-29;117,00;117,30;117,00;117,60;115,30;117,30;116,67;128988;15048724;344;
2011-08-26;116,10;116,50;117,50;117,50;114,40;116,40;115,24;175978;20281863;455;
2011-08-25;117,00;117,10;119,30;120,00;116,50;117,00;117,60;341520;40152579;585;
2011-08-24;118,60;118,90;120,20;121,50;116,40;118,60;119,39;897135;107151086;1040;
2011-08-23;119,50;119,60;117,90;121,60;117,90;119,50;119,89;807519;96809493;1468;
2011-08-22;117,00;117,20;112,10;117,50;111,70;117,00;115,49;380220;43915662;790;
2011-08-19;112,10;112,30;110,50;113,40;109,90;112,10;110,42;672972;74310997;803;
2011-08-18;111,50;111,60;114,50;114,50;111,00;111,50;113,60;349304;39652714;577;
2011-08-17;113,70;114,10;112,30;114,00;111,10;114,00;112,91;109349;12345460;335;
2011-08-16;112,00;112,50;114,00;114,00;111,30;112,50;112,19;190770;21403397;453;
2011-08-15;114,00;114,20;113,00;114,30;111,50;114,20;113,10;147112;16639659;486;
2011-08-12;110,20;110,30;112,80;112,90;109,00;110,30;111,22;239357;26623329;1231;
2011-08-11;111,30;111,70;109,50;111,90;109,00;111,50;110,57;494696;54717489;1525;
2011-08-10;108,40;108,50;110,00;110,40;108,00;108,50;108,84;440863;47987217;1229;
2011-08-09;107,00;107,10;107,50;109,40;102,70;107,00;106,59;583811;62220025;1434;
2011-08-08;108,80;109,00;111,80;115,00;108,70;109,00;111,82;746400;83427450;1739;
2011-08-05;114,10;114,40;113,90;117,40;113,40;114,10;115,66;753569;87163523;1534;
2011-08-04;118,50;119,00;123,00;123,00;118,30;119,00;120,33;600734;72276223;937;
2011-08-03;121,90;122,00;120,00;122,70;120,00;122,00;121,48;615303;74743159;1227;
2011-08-02;120,90;121,00;119,00;121,90;118,80;121,00;119,81;569526;68233850;1053;
2011-08-01;120,50;121,00;119,90;121,60;119,90;121,00;120,91;310172;37502193;780;
2011-07-29;119,50;119,80;120,30;121,00;119,30;119,80;120,12;214446;25760034;491;
2011-07-28;120,80;121,00;121,00;121,30;120,20;120,90;120,74;201971;24384378;466;
2011-07-27;122,20;122,30;121,50;122,80;121,50;122,20;122,34;219135;26809086;611;
2011-07-26;122,50;122,70;123,00;123,00;121,60;122,50;122,47;526294;64453173;436;
2011-07-25;121,60;122,00;122,50;123,10;121,60;121,60;122,45;305556;37431188;381;
2011-07-22;122,20;122,30;123,00;123,30;121,90;122,30;122,81;457161;56142022;499;
2011-07-21;122,80;122,90;123,30;123,30;122,90;122,90;123,03;349234;42967851;562;
2011-07-20;122,20;122,50;123,50;123,60;122,10;122,50;123,18;623536;76805790;961;
2011-07-19;123,30;123,50;121,00;123,30;120,60;123,30;121,76;417358;50817875;791;
2011-07-18;120,00;120,10;118,50;120,50;118,50;120,00;120,02;216903;26033536;419;
2011-07-15;119,80;119,90;118,70;120,20;118,70;119,80;119,82;231356;27721639;465;
2011-07-14;119,70;119,80;118,60;119,70;118,00;119,70;119,14;253149;30160638;512;
2011-07-13;118,50;118,60;116,20;118,70;116,20;118,50;117,99;392192;46273854;639;
2011-07-12;117,40;117,50;116,10;117,50;115,00;117,50;116,28;361028;41981937;700;
2011-07-11;116,90;117,00;118,40;118,40;116,40;116,90;117,19;301572;35351097;454;
2011-07-08;117,80;117,90;118,00;118,40;117,60;117,90;118,02;1270122;149891166;622;
2011-07-07;117,50;117,60;118,50;118,50;117,30;117,60;117,83;535912;63144990;1191;
2011-07-06;116,80;117,00;119,00;119,10;115,30;117,00;116,77;1017130;118792321;1955;
2011-07-05;119,90;120,20;120,20;120,70;117,60;119,90;118,66;595562;70685371;1573;
2011-07-04;120,20;120,70;121,50;122,40;119,90;120,20;120,91;226196;27351080;626;
2011-07-01;120,40;120,60;122,90;123,30;120,20;120,40;121,92;353215;43065186;1056;
2011-06-30;122,00;122,30;122,00;122,80;120,70;122,00;121,57;465735;56626733;729;
2011-06-29;120,70;120,80;118,60;121,60;118,60;120,70;120,81;252135;30459400;566;
2011-06-28;118,70;119,10;117,70;119,50;117,60;119,10;118,43;195472;23149459;527;
2011-06-27;117,50;117,70;117,80;117,80;116,50;117,70;117,14;211086;24726000;598;
2011-06-24;117,50;117,60;116,80;117,50;115,90;117,50;116,81;256883;30006311;613;
2011-06-23;115,50;115,80;117,40;117,40;115,20;115,80;116,06;181371;21048489;430;
2011-06-22;117,40;117,70;118,00;118,00;116,80;117,40;117,46;251903;29588509;373;
2011-06-21;117,60;118,10;116,00;118,10;116,00;117,60;117,49;341383;40119747;596;
2011-06-20;116,20;116,50;116,80;116,80;115,40;116,40;116,02;305738;35474153;572;
2011-06-17;116,50;116,70;117,50;118,10;115,70;116,50;117,14;472531;55346069;739;
2011-06-16;118,10;118,20;119,50;119,60;116,50;118,20;118,10;474805;56078246;699;
2011-06-15;119,90;120,00;121,50;122,50;119,80;120,00;121,23;406005;49221462;956;
2011-06-14;120,90;121,20;120,50;122,00;120,00;121,20;120,79;149916;18107529;333;
2011-06-13;120,00;122,00;;;;120,40;;;;0;
2011-06-10;120,30;120,40;120,50;122,00;119,80;120,40;120,48;349580;42118681;698;
2011-06-09;120,00;120,30;120,40;120,40;119,50;120,30;119,92;443163;53143700;475;
2011-06-08;119,60;119,70;122,00;122,00;119,60;119,70;120,23;337182;40546865;849;
2011-06-07;121,70;121,90;124,00;124,00;121,90;121,90;122,31;220991;27028781;409;
2011-06-06;122,80;123,50;123,00;123,50;122,00;123,50;122,84;236203;29016392;555;
2011-06-03;120,00;125,50;;;;123,50;;;;0;
2011-06-01;123,20;123,50;124,40;125,00;123,10;123,50;123,95;394813;48938518;937;
2011-05-31;124,60;124,70;124,90;126,30;124,00;124,60;124,90;338023;42218318;818;
2011-05-30;124,80;125,00;124,40;125,40;124,40;124,80;124,90;204766;25575225;411;
2011-05-27;123,90;124,20;124,50;124,50;123,50;124,20;124,02;131167;16267187;424;
2011-05-26;123,70;124,10;123,80;124,10;122,30;124,00;123,65;560068;69251994;1021;
2011-05-25;123,50;123,70;121,80;123,80;121,40;123,60;122,67;342183;41976256;673;
2011-05-24;121,40;121,80;122,50;123,30;121,50;121,50;122,44;308935;37825995;816;
2011-05-23;123,00;123,10;123,40;123,70;121,50;123,00;122,44;395752;48451269;707;
2011-05-20;122,80;124,80;;;;124,00;;;;0;
2011-05-19;124,00;124,10;122,50;124,30;122,50;124,00;123,91;783731;97111265;1405;
2011-05-18;122,50;122,80;124,50;124,80;122,40;122,80;123,88;1034562;128156582;1556;
2011-05-17;123,80;123,90;123,00;125,00;122,10;123,90;123,39;1116262;137692417;1922;
2011-05-16;122,70;122,90;120,50;122,90;118,60;122,90;121,13;637030;77030407;1034;
2011-05-13;120,20;120,30;118,80;120,50;118,40;120,20;119,65;356824;42692151;640;
2011-05-12;118,50;118,60;118,50;119,00;118,10;118,50;118,51;229066;27145966;499;
2011-05-11;118,50;118,80;118,50;118,80;117,30;118,80;118,24;374724;44306363;652;
2011-05-10;117,10;117,60;116,30;117,80;116,00;117,10;116,92;403449;47169580;702;
2011-05-09;115,70;116,00;116,30;116,70;115,60;115,70;115,86;216377;25070139;451;
2011-05-06;116,20;116,30;116,10;116,80;115,70;116,30;116,41;302502;35214746;564;
2011-05-05;116,00;116,20;117,50;117,50;115,54;116,00;116,18;525244;61020741;1097;
2011-05-04;116,70;116,90;117,50;118,40;116,50;116,70;117,38;606504;71191021;1206;
2011-05-03;117,10;117,20;117,90;117,90;115,70;117,10;116,95;560253;65523400;802;
2011-05-02;117,20;117,30;116,00;118,40;116,00;117,30;117,45;534029;62719699;1070;
2011-04-29;114,70;115,00;112,50;115,30;112,50;114,70;114,10;524737;59872053;1035;
2011-04-28;112,30;112,50;114,80;114,80;112,10;112,30;112,73;442602;49892459;635;
2011-04-27;114,20;114,30;115,20;115,20;114,00;114,20;114,50;134548;15405125;307;
2011-04-26;114,70;115,10;115,70;115,70;114,70;115,00;115,24;206990;23853118;583;
2011-04-21;114,00;116,00;;;;115,20;;;;0;
2011-04-20;115,10;115,20;114,20;115,30;114,20;115,20;115,01;394340;45351402;528;
2011-04-19;114,50;114,70;115,30;115,30;114,10;114,70;114,51;191357;21912185;447;
2011-04-18;114,80;114,90;115,00;115,40;114,00;114,80;114,72;311497;35735512;490;
2011-04-15;114,50;114,60;115,90;115,90;114,50;114,50;115,01;341166;39237909;726;
2011-04-14;115,40;115,50;116,00;116,00;114,80;115,50;115,15;362002;41685218;887;
2011-04-13;115,90;116,00;113,60;116,00;113,50;116,00;114,84;560846;64418191;969;
2011-04-12;112,50;113,00;116,50;116,50;112,50;112,50;114,65;487861;55938007;780;
2011-04-11;115,90;116,00;115,80;116,50;115,00;116,00;115,68;607394;70266166;761;
2011-04-08;115,10;115,20;116,00;116,00;114,80;115,20;115,42;867283;100104267;1387;
2011-04-07;115,00;115,10;117,10;117,10;114,50;115,00;115,56;868262;100339969;1387;
2011-04-06;115,90;116,00;120,80;120,80;113,90;116,00;116,50;1354368;157804250;2447;
2011-04-05;119,10;119,20;120,70;120,70;118,80;119,10;119,65;262305;31384577;626;
2011-04-04;119,80;120,00;120,90;121,00;119,20;119,80;120,24;387514;46592771;793;
2011-04-01;119,00;119,10;120,00;120,10;118,80;119,10;119,12;321745;38370910;647;
2011-03-31;119,60;119,70;121,10;121,10;119,60;119,60;120,32;183438;22070420;407;
2011-03-30;120,40;120,80;121,00;121,00;120,40;120,40;120,78;393708;47552202;461;
2011-03-29;120,00;120,40;120,30;120,40;119,60;120,40;120,02;153589;18433334;436;
2011-03-28;120,10;120,30;121,30;121,30;120,00;120,30;120,47;156057;18800906;434;
2011-03-25;120,90;121,00;120,50;121,60;120,20;120,90;120,83;487468;58902136;656;
2011-03-24;119,90;120,00;120,50;121,70;120,00;120,00;120,46;325705;39234463;568;
2011-03-23;120,70;121,00;120,50;122,20;119,70;120,80;120,88;222433;26887607;689;
2011-03-22;120,90;121,40;122,50;122,80;120,40;121,40;121,30;215142;26095985;506;
2011-03-21;121,60;121,90;122,00;123,50;121,60;121,90;122,29;208240;25465196;724;
2011-03-18;121,60;121,70;119,50;122,00;119,50;121,60;121,48;371109;45060863;611;
2011-03-17;119,70;119,90;120,50;121,00;119,50;119,90;120,03;300505;36070270;630;
2011-03-16;120,00;120,10;119,00;122,20;118,60;120,00;120,25;759243;91319319;1003;
2011-03-15;118,50;118,90;118,00;118,90;115,50;118,50;117,61;561730;66067787;917;
2011-03-14;119,10;119,20;119,00;119,50;117,70;119,10;118,91;391341;46536438;971;
2011-03-11;119,00;119,10;122,00;122,20;119,10;119,10;120,38;376623;45336437;1386;
2011-03-10;123,00;123,30;122,30;123,30;121,30;123,20;122,67;157692;19343701;810;
2011-03-09;122,20;122,30;124,90;124,90;122,10;122,30;122,97;162089;19931698;870;
2011-03-08;124,30;124,80;125,40;125,40;124,00;124,30;124,43;320944;39935678;1002;
2011-03-07;125,00;125,20;125,50;125,60;124,00;125,20;124,97;542869;67847095;538;
2011-03-04;125,10;125,30;125,10;125,80;124,50;125,30;125,13;166648;20853204;537;
2011-03-03;125,20;125,30;124,50;125,40;124,30;125,20;124,69;275177;34312985;472;
2011-03-02;123,80;124,00;124,00;124,60;122,20;124,00;123,32;595449;73428734;569;
2011-03-01;123,90;124,00;125,00;126,00;123,40;124,00;124,29;287346;35715679;586;
2011-02-28;124,30;125,50;124,00;125,50;123,00;125,50;124,89;458626;57278940;464;
2011-02-25;123,70;124,20;123,10;124,40;122,80;123,70;123,51;162721;20099075;432;
2011-02-24;122,90;123,00;122,00;124,00;121,10;123,00;122,50;291850;35750560;691;
2011-02-23;122,50;122,90;123,00;123,90;122,10;122,90;122,93;135140;16612360;436;
2011-02-22;123,40;123,50;122,50;124,80;122,20;123,40;123,63;434612;53729737;772;
2011-02-21;123,60;124,20;125,10;125,80;123,50;123,60;124,58;379287;47287288;755;
2011-02-18;125,50;126,00;124,80;126,00;123,20;126,00;124,65;427050;53233234;691;
2011-02-17;123,70;124,00;123,00;124,60;122,50;124,00;123,68;1038018;128378624;1331;
2011-02-16;122,80;122,90;121,20;122,90;120,60;122,90;122,30;321697;39342974;437;
2011-02-15;121,00;121,40;121,00;121,70;120,50;121,00;121,07;911853;110409979;535;
2011-02-14;121,40;121,50;120,90;122,00;120,30;121,50;120,87;527925;63811251;665;
2011-02-11;119,90;120,00;119,50;120,50;119,20;120,00;119,87;558537;66937683;784;
2011-02-10;119,50;119,60;120,00;120,20;118,90;119,60;119,38;578400;69048917;840;
2011-02-09;119,90;120,00;119,30;120,30;118,70;120,00;119,53;475601;56848396;902;
2011-02-08;118,90;119,00;119,00;119,40;118,30;119,00;118,89;287891;34227929;546;
2011-02-07;118,70;118,80;118,30;118,70;117,00;118,70;118,19;536844;63448798;608;
2011-02-04;117,70;118,00;117,50;118,00;117,30;118,00;117,78;340180;40065450;511;
2011-02-03;117,50;117,70;117,00;118,10;116,30;117,50;117,33;804363;94360721;806;
2011-02-02;117,00;117,20;118,40;118,50;116,60;117,20;117,44;345605;40599070;631;
2011-02-01;117,50;117,90;118,00;119,30;117,50;117,90;118,04;975035;115092090;1123;
2011-01-31;115,50;115,60;116,40;116,40;114,30;115,60;115,01;830554;95511707;1032;
2011-01-28;115,80;115,90;117,00;117,00;115,90;115,90;116,54;255102;29730246;389;
2011-01-27;116,30;116,50;117,40;117,50;116,00;116,50;117,03;1364799;159724181;697;
2011-01-26;116,60;116,70;116,90;116,90;116,00;116,70;116,52;404638;47150260;600;
2011-01-25;115,70;115,90;117,50;117,90;115,60;115,90;116,53;735395;85690177;597;
2011-01-24;116,80;117,00;118,00;118,50;116,70;117,00;117,16;616833;72268809;865;
2011-01-21;117,50;117,80;119,00;119,40;117,50;117,80;118,13;602578;71180499;732;
2011-01-20;118,40;118,50;120,00;120,30;118,20;118,50;119,09;549385;65427968;821;
2011-01-19;120,00;120,20;121,50;121,50;119,70;120,20;120,29;587347;70652245;949;
2011-01-18;120,50;120,90;120,70;121,40;120,40;120,90;120,94;572122;69194834;751;
2011-01-17;120,20;120,40;119,90;120,70;119,40;120,20;120,05;880240;105667877;918;
2011-01-14;118,70;119,00;118,00;119,00;117,80;119,00;118,46;1225784;145207258;1333;
2011-01-13;117,70;117,90;120,00;120,90;117,00;117,70;118,63;3134516;371786133;3152;
2011-01-12;119,90;120,00;124,00;124,50;119,70;120,00;120,98;2092676;253126535;2610;
2011-01-11;120,10;120,20;119,20;122,00;118,50;120,10;119,86;1373358;164599410;1555;
2011-01-10;117,50;117,90;124,50;126,00;117,10;117,50;121,28;1850121;224461541;3347;
2011-01-07;116,40;116,50;117,00;117,00;115,90;116,40;116,29;368914;42903405;973;
2011-01-06;116,40;116,50;113,00;116,50;112,40;116,40;115,01;580285;66737279;1280;
2011-01-05;111,80;111,90;113,50;113,90;111,00;111,90;112,33;395045;44354353;645;
2011-01-04;113,50;113,60;114,00;114,60;112,80;113,50;113,79;193485;22016242;405;
2011-01-03;113,60;114,00;114,00;115,50;113,40;114,00;114,72;162129;18598777;413;
2010-12-30;113,60;114,00;112,70;114,00;112,10;114,00;113,60;238831;27130799;342;
2010-12-29;112,30;112,70;112,30;112,80;111,30;112,70;111,91;140063;15673992;389;
2010-12-28;112,00;112,10;112,00;112,20;111,50;112,10;111,99;134554;15069009;262;
2010-12-27;111,60;111,70;112,90;112,90;111,50;111,60;111,72;63221;7063465;201;
2010-12-23;112,10;112,20;113,80;113,80;111,20;112,20;112,13;176039;19739988;572;
2010-12-22;113,10;113,30;113,80;113,80;112,90;113,10;113,23;147003;16644836;453;
2010-12-21;113,20;113,40;113,00;113,40;112,60;113,40;112,94;223747;25270051;315;
2010-12-20;112,50;112,60;111,70;114,00;111,70;112,50;112,65;235308;26513610;510;
2010-12-17;111,40;111,50;112,50;116,30;111,00;111,50;112,27;433151;48598745;852;
2010-12-16;111,60;111,80;112,40;113,20;111,60;111,80;112,35;173703;19515266;471;
2010-12-15;111,70;112,00;112,90;112,90;111,60;112,00;112,13;256244;28732382;554;
2010-12-14;112,30;112,50;113,40;113,40;112,00;112,50;112,31;227721;25576549;642;
2010-12-13;112,50;112,90;113,00;113,00;112,00;112,90;112,59;192605;21685030;449;
2010-12-10;111,90;112,00;114,40;114,40;111,00;111,90;112,05;612486;68631457;997;
2010-12-09;113,60;113,70;116,50;116,90;113,50;113,70;114,64;327801;37587268;624;
2010-12-08;116,20;116,50;115,50;118,20;115,50;116,20;116,89;463359;54161220;886;
2010-12-07;115,80;116,20;113,50;116,30;113,00;115,80;114,26;321466;36731548;535;
2010-12-06;113,00;113,50;111,40;113,30;111,40;113,30;111,96;186615;20893443;493;
2010-12-03;111,20;111,50;111,50;112,50;110,90;111,40;111,56;124956;13940312;308;
2010-12-02;111,00;111,90;112,80;113,60;110,10;111,00;112,04;388465;43522342;631;
2010-12-01;112,00;112,30;111,00;113,00;110,00;112,30;111,63;260511;29085068;530;
2010-11-30;110,20;110,90;108,00;111,90;107,00;110,90;110,19;868417;95687447;680;
2010-11-29;107,10;107,90;108,50;108,50;106,60;107,90;107,34;385582;41396575;424;
2010-11-26;107,40;107,50;107,20;108,70;105,00;107,40;107,13;308293;33027888;405;
2010-11-25;107,20;107,50;108,80;109,50;107,00;107,50;108,15;205096;22184817;310;
2010-11-24;108,00;108,10;108,30;108,70;107,60;108,10;107,97;205103;22145796;248;
2010-11-23;108,50;108,60;110,00;110,00;108,00;108,60;108,81;340433;37045046;433;
2010-11-22;108,80;109,00;108,00;109,50;107,10;109,00;108,73;356312;38747649;323;
2010-11-19;107,50;107,80;109,00;109,90;106,00;107,50;107,19;720137;77188529;733;
2010-11-18;108,90;109,40;110,20;111,40;108,70;108,90;109,80;195773;21495809;342;
2010-11-17;110,40;110,50;111,00;111,00;109,90;110,50;110,10;174752;19241293;187;
2010-11-16;110,00;110,10;110,50;111,70;110,00;110,10;110,35;199392;22003291;281;
2010-11-15;110,60;111,10;111,60;112,00;110,50;110,60;111,13;151408;16826566;284;
2010-11-12;111,10;111,50;111,90;111,90;110,30;111,10;110,65;247581;27394130;301;
2010-11-11;111,50;111,70;111,30;112,60;110,50;111,70;111,79;485661;54233504;377;
2010-11-10;110,10;110,20;111,50;111,90;110,10;110,10;111,31;777135;86440725;478;
2010-11-09;110,90;111,00;111,00;111,50;109,70;110,90;110,74;477429;52843608;620;
2010-11-08;110,20;110,30;112,60;112,60;109,00;110,30;110,29;767873;84690878;808;
2010-11-05;111,60;112,00;114,50;114,50;111,60;111,60;112,95;532066;60169301;512;
2010-11-04;113,70;113,80;114,40;114,50;113,20;113,70;113,84;428240;48751072;516;
2010-11-03;111,90;112,00;114,00;114,70;112,00;112,00;113,58;531999;60430352;599;
2010-11-02;113,00;113,70;116,00;116,00;111,80;113,00;112,89;1288099;145427067;1479;
2010-11-01;116,60;116,80;117,90;120,40;115,30;116,80;118,40;217227;25720382;483;
2010-10-29;117,00;117,20;117,60;118,00;116,30;117,20;116,98;93600;10949234;162;
2010-10-28;117,20;117,60;114,90;117,60;114,90;117,60;115,80;269494;31206145;330;
2010-10-27;114,40;114,80;112,50;114,80;112,50;114,80;113,95;365058;41597450;346;
2010-10-26;113,30;113,50;113,50;114,00;112,60;113,40;113,34;213696;24238887;266;
2010-10-25;113,20;113,50;113,00;113,70;112,65;113,20;113,10;495356;56047759;515;
2010-10-22;111,90;112,00;114,00;114,00;111,60;112,00;112,20;152301;17088602;492;
2010-10-21;112,20;112,50;114,50;114,90;112,30;112,50;113,40;370720;42053546;361;
2010-10-20;113,80;114,00;115,00;115,00;113,70;114,00;114,20;260298;29727494;390;
2010-10-19;114,20;114,50;114,00;115,00;114,00;114,50;114,47;131848;15093448;275;
2010-10-18;113,70;114,00;113,00;114,70;113,00;114,00;114,08;71217;8124730;155;
2010-10-15;113,40;113,50;114,30;114,50;113,50;113,50;113,94;207797;23675581;243;
2010-10-14;114,00;114,20;113,20;114,00;112,20;114,00;113,28;197497;22372475;256;
2010-10-13;113,50;113,70;113,00;114,90;113,00;113,50;113,71;184824;21002123;295;
2010-10-12;112,90;113,00;117,00;117,00;112,20;113,00;112,75;251035;28303963;528;
2010-10-11;113,60;114,00;113,20;115,00;112,20;114,00;114,12;594506;67438321;448;
2010-10-08;112,70;113,00;113,50;114,30;111,20;113,00;112,81;193026;21775057;375;
2010-10-07;112,00;112,40;109,50;112,50;109,50;112,40;111,96;241329;27017561;307;
2010-10-06;110,00;110,30;109,00;111,50;109,00;110,00;110,14;242003;26653547;344;
2010-10-05;108,00;108,50;107,50;109,30;107,50;108,50;108,14;168037;18171584;252;
2010-10-04;107,60;107,90;109,50;110,00;107,60;107,70;108,17;133080;14395451;157;
2010-10-01;108,40;109,00;110,00;112,50;108,10;108,70;109,23;299832;32741387;486;
2010-09-30;110,20;110,40;108,50;111,20;108,50;110,40;110,02;438591;48251976;553;
2010-09-29;109,00;109,10;106,90;109,50;106,90;109,10;108,51;210480;22839136;240;
2010-09-28;106,50;106,70;107,00;107,00;105,50;106,70;106,20;106513;11311491;213;
2010-09-27;106,50;106,80;109,00;109,00;106,50;106,80;106,91;195131;20862299;264;
2010-09-24;107,50;108,00;107,00;110,00;107,00;107,50;107,99;219084;23658428;204;
2010-09-23;109,10;109,20;110,00;110,50;108,00;109,20;109,33;111386;12177787;173;
2010-09-22;109,30;109,50;109,40;109,80;107,50;109,50;108,88;176526;19219387;213;
2010-09-21;106,80;107,00;106,50;108,00;105,10;107,00;106,59;386031;41148281;394;
2010-09-20;105,80;106,00;105,50;106,20;104,50;106,00;105,28;121185;12758123;186;
2010-09-17;105,10;105,20;106,00;106,00;104,40;105,10;105,25;133144;14013098;237;
2010-09-16;105,10;105,60;107,00;108,76;104,30;105,60;105,49;98867;10429676;194;
2010-09-15;107,20;107,50;109,50;109,50;107,00;107,50;108,11;78118;8445346;206;
2010-09-14;107,90;108,40;110,90;110,90;107,70;108,40;108,36;91848;9927213;143;
2010-09-13;110,60;111,00;109,20;112,50;109,20;110,60;110,81;339620;37633514;412;
2010-09-10;109,50;109,70;107,00;109,90;107,00;109,50;108,55;282803;30691931;250;
2010-09-09;107,90;108,20;106,70;108,80;106,70;107,90;108,05;650129;70244942;674;
2010-09-08;106,80;106,90;102,50;107,30;102,50;106,90;105,63;275314;29080849;317;
2010-09-07;103,00;103,90;103,00;103,90;102,20;103,90;102,89;193657;19925746;157;
2010-09-06;104,00;104,40;104,00;105,00;102,50;104,00;104,35;361332;37706904;209;
2010-09-03;104,30;104,50;103,70;104,50;103,00;104,50;103,91;84303;8759965;210;
2010-09-02;103,80;104,20;102,50;104,30;102,00;104,20;103,39;126993;13128450;178;
2010-09-01;102,30;102,80;100,90;103,00;100,70;102,50;101,28;242788;24585088;295;
2010-08-31;100,60;100,80;98,40;100,70;98,40;100,70;100,54;85007;8546348;88;
2010-08-30;100,30;100,60;100,00;101,00;100,00;100,30;100,53;86567;8702740;113;
2010-08-27;100,30;100,50;99,00;100,30;98,95;100,30;99,15;170239;16879247;150;
2010-08-26;99,00;99,40;99,40;99,40;98,60;99,40;98,98;181060;17897451;113;
2010-08-25;98,15;98,50;98,50;98,80;98,00;98,50;98,24;164884;16198952;171;
2010-08-24;98,25;98,30;99,00;99,20;97,10;98,25;98,69;76385;7538478;131;
2010-08-23;99,40;99,50;99,00;99,80;99,00;99,40;99,48;37618;3742253;80;
2010-08-20;100,00;100,10;100,50;101,00;98,20;100,00;98,72;226521;22362768;120;
2010-08-19;100,40;100,70;100,50;102,00;100,00;100,70;100,86;215548;21740011;153;
2010-08-18;100,00;100,50;101,00;101,00;99,10;100,50;99,82;83355;8320382;104;
2010-08-17;100,50;100,70;99,50;100,80;99,05;100,70;100,34;147033;14753846;153;
2010-08-16;99,25;99,50;100,00;101,00;98,75;99,50;99,34;145212;14427989;199;
2010-08-13;100,10;100,40;100,50;101,40;99,80;100,10;100,07;144377;14447471;159;
2010-08-12;100,50;100,90;101,60;103,00;100,00;100,50;101,48;123168;12500169;135;
2010-08-11;101,70;102,00;103,00;103,00;101,50;102,00;102,39;174258;17845265;145;
2010-08-10;103,00;103,20;102,70;103,20;101,80;103,00;102,78;115366;11857155;94;
2010-08-09;102,70;102,90;102,10;103,00;102,00;102,70;102,49;44018;4511558;69;
2010-08-06;102,00;102,10;103,00;103,00;101,60;102,00;102,18;103438;10571131;123;
2010-08-05;102,50;102,60;101,30;103,50;100,60;102,50;102,52;414909;42536143;377;
2010-08-04;101,20;101,30;100,40;101,20;99,60;101,20;100,27;71551;7174547;117;
2010-08-03;100,00;100,40;99,50;100,50;99,50;100,40;100,15;132660;13284823;215;
2010-08-02;99,50;99,85;100,00;100,00;99,00;99,50;99,39;95081;9450176;280;
2010-07-30;98,80;99,10;101,00;101,00;98,65;98,80;99,27;276174;27415449;425;
2010-07-29;100,50;101,00;101,00;101,00;100,50;101,00;100,80;75727;7633243;96;
2010-07-28;100,80;100,90;100,70;101,40;100,10;100,80;100,77;128263;12924681;220;
2010-07-27;100,80;101,00;100,10;101,50;100,10;101,00;100,98;208958;21101274;144;
2010-07-26;100,00;100,40;100,30;101,00;99,70;100,00;100,11;207923;20813787;159;
2010-07-23;99,20;99,80;99,25;100,00;98,60;99,20;99,64;200176;19945299;144;
2010-07-22;99,50;99,80;100,00;100,00;99,00;99,50;99,63;106399;10600036;237;
2010-07-21;99,00;99,40;100,00;100,00;98,00;99,00;98,93;192236;19017432;289;
2010-07-20;99,70;100,00;101,00;101,00;99,60;99,70;100,07;64442;6448485;92;
2010-07-19;100,90;101,00;100,50;101,00;99,35;101,00;100,74;465000;46811089;359;
2010-07-16;99,00;99,35;101,00;101,00;98,95;99,00;99,67;425606;42468875;176;
2010-07-15;99,80;100,00;98,50;100,30;98,50;100,00;99,65;505331;50364853;256;
2010-07-14;98,70;98,80;97,80;99,00;97,80;98,70;98,38;492131;48416070;365;
2010-07-13;97,40;97,70;100,40;100,40;97,40;97,40;98,20;706533;69402241;457;
2010-07-12;99,15;99,75;100,80;100,80;99,20;99,75;99,63;117784;11734445;137;
2010-07-09;100,00;101,00;101,00;101,00;100,00;101,00;100,93;70209;7085873;117;
2010-07-08;100,00;100,90;101,50;101,50;100,00;100,90;100,88;135284;13648546;175;
2010-07-07;101,00;101,40;101,00;101,80;100,20;101,40;101,26;262327;26563417;229;
2010-07-06;101,00;101,50;100,00;101,50;99,60;101,50;100,88;475952;48017411;249;
2010-07-05;99,90;100,00;101,50;101,50;99,50;100,00;99,89;76560;7647643;136;
2010-07-02;100,00;100,10;100,00;100,50;98,40;100,10;99,58;240061;23905056;185;
2010-07-01;97,40;98,00;102,50;102,50;97,00;98,00;98,65;369908;36498996;365;
2010-06-30;100,50;102,00;99,50;101,50;98,30;101,50;99,63;295796;29470211;262;
2010-06-29;98,80;99,00;100,00;100,80;98,50;99,00;99,68;413104;41177893;268;
2010-06-28;99,90;100,00;100,00;100,00;99,40;100,00;99,92;231017;23084263;156;
2010-06-25;99,25;99,30;99,50;100,50;99,40;99,40;99,84;313761;31326366;300;
2010-06-24;99,80;100,00;101,00;102,50;99,50;100,00;100,37;182477;18315057;184;
2010-06-23;101,10;101,40;100,00;103,00;100,00;101,40;101,33;442568;44846109;373;
2010-06-22;101,20;101,50;104,50;104,80;100,00;101,50;101,51;431253;43778857;283;
2010-06-21;103,50;104,00;103,70;106,00;103,70;104,00;104,54;710721;73668867;519;
2010-06-18;101,20;103,00;99,50;103,80;99,00;103,00;100,67;620874;62470665;397;
2010-06-17;99,35;99,50;98,40;100,80;97,95;99,35;99,69;748007;74544407;470;
2010-06-16;97,80;98,20;98,10;99,55;97,75;98,20;98,33;592491;58259282;311;
2010-06-15;97,75;98,00;98,00;98,00;97,00;97,75;97,70;324595;31723573;127;
2010-06-14;97,70;98,00;99,00;99,00;96,70;97,80;97,89;512381;50152828;411;
2010-06-11;98,00;98,30;99,00;99,00;97,85;98,00;98,21;405197;39796174;406;
2010-06-10;97,70;99,00;98,00;99,00;97,45;99,00;97,84;317260;31040913;351;
2010-06-09;97,35;97,80;99,20;99,20;96,50;97,80;97,34;574212;55895363;538;
2010-06-08;98,20;98,75;101,00;102,50;98,20;98,75;98,96;696090;68885846;490;
2010-06-07;99,75;99,90;95,50;100,30;94,50;99,90;98,12;1117218;109622180;956;
2010-06-04;96,05;96,75;96,00;98,25;95,50;96,75;96,98;2321487;225146929;1825;
2010-06-03;95,00;95,60;94,00;96,80;93,60;95,00;95,18;6624457;629543837;3020;
